<?xml version='1.0' encoding='UTF-8'?>
<?artifactRepository version='1.1.0'?>
<repository name='file:/D:/EIS/CWC_MuleAPP/Anypoint_exchange_samples/custom-connector/target/update-site/ - artifacts' type='org.eclipse.equinox.p2.artifact.repository.simpleRepository' version='1'>
  <properties size='2'>
    <property name='p2.timestamp' value='1485250868029'/>
    <property name='p2.compressed' value='false'/>
  </properties>
  <mappings size='3'>
    <rule filter='(&amp; (classifier=osgi.bundle))' output='${repoUrl}/plugins/${id}_${version}.jar'/>
    <rule filter='(&amp; (classifier=binary))' output='${repoUrl}/binary/${id}_${version}'/>
    <rule filter='(&amp; (classifier=org.eclipse.update.feature))' output='${repoUrl}/features/${id}_${version}.jar'/>
  </mappings>
  <artifacts size='2'>
    <artifact classifier='osgi.bundle' id='org.mule.tooling.ui.contribution.custom.3.5.0' version='1.0.0.201701241510'>
      <properties size='3'>
        <property name='artifact.size' value='370548'/>
        <property name='download.size' value='370548'/>
        <property name='download.md5' value='b1e33c71b00ae86c1ca61cfc0ebc9cc2'/>
      </properties>
    </artifact>
    <artifact classifier='org.eclipse.update.feature' id='org.mule.tooling.ui.extension.custom-connector.3.5.0' version='1.0.0.201701241510'>
      <properties size='4'>
        <property name='artifact.size' value='643'/>
        <property name='download.size' value='643'/>
        <property name='download.md5' value='0ddf5c724765258949629960f53b32b1'/>
        <property name='download.contentType' value='application/zip'/>
      </properties>
    </artifact>
  </artifacts>
</repository>
